loc_id,sm_whc,sm_depth
IN_GRANT,13.001999855041504,100
KS_CRAWFORD,14.994000434875488,100
KY_HICKMAN,13.784495072156625,100
KY_MEADE,11.406873433269098,100
MO_WAYNE,11.559164752046389,100
WI_MARINETTE,17.010000228881836,100
MI_BAY,16.759806862135626,100
MS_LEFLORE,17.667243069207437,100
NE_BURT,14.294189782336016,100
IA_CHEROKEE,14.3100004196167,100
KS_OSAGE,14.387999534606934,100
NE_STANTON,14.3100004196167,100
OH_MARION,13.001999855041504,100
IL_MOULTRIE,14.386087548569952,100
MS_SHARKEY,21.104000091552734,100
NE_HOLT,12.389411332619188,100
IL_JEFFERSON,14.027999877929688,100
IN_MONTGOMERY,13.42068725824356,100
NE_SARPY,14.339639277071566,100
TX_HANSFORD,12.773124695377875,100
KS_CLAY,13.889300687398896,100
KS_NEOSHO,14.994000434875488,100
KY_LOGAN,11.065999984741211,100
OH_MEDINA,13.001999855041504,100
OH_MERCER,13.001999855041504,100
OH_MONTGOMERY,13.001999855041504,100
IA_MITCHELL,14.3100004196167,100
IA_WOODBURY,14.21391950782448,100
MI_HURON,16.50782399166225,100
SD_BUFFALO,14.295186993676865,100
KS_RAWLINS,12.77400016784668,100
KY_LIVINGSTON,13.546400567951158,100
LA_MOREHOUSE,21.119346929747483,100
LA_RICHLAND,18.686695197516563,100
IL_JOHNSON,13.001999855041504,100
IL_WABASH,14.023904825920283,100
IL_CASS,13.668508090670146,100
IL_CUMBERLAND,13.976852555360113,100
MN_MURRAY,10.999679067354318,100
MO_WARREN,13.410835276847767,100
TN_WARREN,12.59831640633051,100
IA_BOONE,14.3100004196167,100
IA_HAMILTON,14.3100004196167,100
IL_DE_WITT,14.387999534606934,100
IL_UNION,13.237674637334404,100
MO_RAY,14.278483804181326,100
IA_HARDIN,14.339857647609994,100
KS_MONTGOMERY,14.990106157967597,100
MI_WAYNE,14.136602556100966,100
MS_PANOLA,14.250351195432701,100
NE_KNOX,14.204695674171335,100
WI_PORTAGE,11.203852094528992,100
IA_HUMBOLDT,14.3100004196167,100
IA_LUCAS,14.101044762239429,100
MO_PEMISCOT,17.069133151160123,100
IN_VERMILLION,13.101096795891921,100
NE_FRONTIER,13.315425562275577,100
TN_COFFEE,11.95800237838925,100
WI_OZAUKEE,13.001999855041504,100
IL_MASSAC,13.501269182097476,100
KS_KEARNY,11.903245940570894,100
MO_ANDREW,14.322035463735268,100
WI_MONROE,12.018113777433983,100
IA_CERRO_GORDO,14.310586879127904,100
MI_SAGINAW,16.805999755859375,100
IA_FRANKLIN,14.348543841936435,100
IN_KNOX,13.528064608041465,100
IN_RANDOLPH,13.001999855041504,100
KS_GRAHAM,13.409914055559812,100
MS_WARREN,19.060481258824286,100
IL_CALHOUN,13.977652466815451,100
MO_COOPER,13.517147859947219,100
OH_MIAMI,13.001999855041504,100
WI_GREEN_LAKE,12.234754664343107,100
IN_BOONE,13.001999855041504,100
MO_BUTLER,17.520221479565993,100
NE_CLAY,13.57800006866455,100
OH_COLUMBIANA,13.27939144411105,100
OH_SHELBY,13.001999855041504,100
IA_DES_MOINES,13.530020756630906,100
KS_MCPHERSON,13.815601581182236,100
KS_WILSON,14.969235147873379,100
KY_DAVIESS,13.845694605893916,100
TX_AUSTIN,12.572682082809488,100
IA_FLOYD,14.3100004196167,100
IL_JASPER,14.027999877929688,100
IL_RICHLAND,14.027999877929688,100
MN_WABASHA,13.254108417445215,100
IL_MERCER,14.265463767026556,100
IN_BROWN,11.727078617596236,100
IN_FOUNTAIN,13.242776805060767,100
KY_BRECKINRIDGE,11.065999984741211,100
NE_JEFFERSON,13.57800006866455,100
IA_MADISON,14.387999534606934,100
IL_COLES,13.974837274218546,100
IL_WHITE,14.02324970677956,100
MO_MARION,13.49091497570479,100
OH_CLINTON,13.001999855041504,100
IN_PERRY,11.127272474045721,100
IN_ST._JOSEPH,13.460754241289528,100
KS_SEWARD,9.899202461913838,100
MO_GASCONADE,12.633885527104066,100
NE_FURNAS,13.57800006866455,100
NE_NANCE,13.780545821556679,100
KS_RILEY,14.248188409948112,100
KS_SHAWNEE,14.387999534606934,100
IA_CHICKASAW,14.3100004196167,100
KY_CHRISTIAN,11.065999984741211,100
NC_UNION,11.065999984741211,100
NE_KEARNEY,13.57800006866455,100
TN_MCNAIRY,12.567999839782715,100
IN_MARTIN,12.070869222873178,100
KS_ATCHISON,14.331392807268054,100
KS_FINNEY,12.080790522182555,100
KS_HAMILTON,11.718098551097668,100
MO_CLAY,14.264203147179572,100
CO_YUMA,12.434249476221542,100
IL_KANKAKEE,14.021745333640176,100
IN_BENTON,14.387999534606934,100
MN_RENVILLE,13.599160437512891,100
SC_ORANGEBURG,12.3737325387629,100
IL_GRUNDY,14.309221342596084,100
KS_JACKSON,14.387999534606934,100
KY_UNION,13.895818733688047,100
OH_SUMMIT,13.001999855041504,100
GA_BACON,14.98799991607666,100
IA_POLK,14.326334500557588,100
NE_SEWARD,13.764896049334373,100
IA_CLARKE,14.387999534606934,100
OH_FAYETTE,13.001999855041504,100
GA_MITCHELL,10.258125731901126,100
IA_WAYNE,14.387999534606934,100
MI_GRATIOT,14.283098417666146,100
NE_CEDAR,14.273858203473571,100
IA_BENTON,14.22011429969356,100
IA_IOWA,13.635996369567259,100
IL_CLINTON,14.027999877929688,100
IL_EFFINGHAM,14.027999877929688,100
LA_FRANKLIN,14.078489396955584,100
OK_BRYAN,13.042540856709467,100
TN_MOORE,11.06915544662155,100
WI_BUFFALO,13.001999855041504,100
IL_CRAWFORD,14.026330644084561,100
IN_DEARBORN,12.839895944784184,100
KS_COFFEY,14.399920066165809,100
KY_HARDIN,11.634925872831298,100
LA_CALDWELL,15.872457861463207,100
SD_MCCOOK,13.57800006866455,100
SD_UNION,14.215085052391151,100
TX_CORYELL,16.100000381469727,100
AL_LAWRENCE,11.810489732526587,100
MI_MUSKEGON,16.78743832576976,100
TX_BOSQUE,16.06541254113588,100
GA_GRADY,11.406212017823217,100
IA_HOWARD,14.314669809634335,100
IL_LOGAN,14.387999534606934,100
IN_HANCOCK,13.001999855041504,100
KS_LANE,12.74328843389587,100
KS_WALLACE,12.333321868476121,100
SC_RICHLAND,12.211822519954453,100
TN_WEAKLEY,13.60200023651123,100
IA_CEDAR,13.798160411062694,100
IL_DOUGLAS,14.387999534606934,100
IN_FLOYD,12.116270223977867,100
IN_HARRISON,12.294768072217945,100
IN_LAWRENCE,12.039914056965634,100
MI_MIDLAND,16.504114204704706,100
NE_DAWES,13.127530666901604,100
SC_CALHOUN,11.117405226756869,100
WI_GRANT,13.470639040474529,100
NE_HOWARD,13.57800006866455,100
OH_LUCAS,13.57199211076691,100
AR_MONROE,20.393170742056597,100
KY_WEBSTER,13.13616295114556,100
MI_GENESEE,14.228729340453029,100
NE_ROCK,11.520243749888914,100
NE_THAYER,13.57800006866455,100
IA_PLYMOUTH,14.294332438483375,100
IN_WELLS,13.001999855041504,100
KS_BOURBON,14.808200492497527,100
KS_WICHITA,12.77400016784668,100
MI_OTTAWA,15.69182877575484,100
MS_ISSAQUENA,21.104000091552734,100
NE_DUNDY,12.048872078580809,100
IL_CARROLL,13.891996570190045,100
KS_HASKELL,11.668468701801045,100
NE_PAWNEE,14.387999534606934,100
WI_CRAWFORD,13.001999855041504,100
IA_LYON,14.279788770667835,100
IN_GIBSON,13.574789722492168,100
MO_KNOX,13.890051006732486,100
MO_RANDOLPH,13.535688053341362,100
WI_DANE,13.483128864686568,100
WI_ROCK,14.207317940990663,100
IL_IROQUOIS,14.206769348048478,100
IL_WASHINGTON,14.027999877929688,100
IN_WHITE,12.565850130685439,100
KS_LABETTE,14.994000434875488,100
KY_TRIGG,11.065999984741211,100
OH_PREBLE,13.001999855041504,100
IA_MONROE,13.423896531695146,100
KS_MORTON,10.361379623413086,100
MO_JOHNSON,14.275383989016214,100
OH_HANCOCK,13.88970472558591,100
AL_TALLADEGA,11.580875739552617,100
IL_PIKE,13.397184883613003,100
IL_WARREN,14.211715704394924,100
KS_RUSH,13.59067539941697,100
MS_LOWNDES,11.883879465697914,100
OH_WAYNE,13.001999855041504,100
IA_LOUISA,13.620779492127571,100
IN_PORTER,12.723495729754504,100
KY_BALLARD,13.918216510168834,100
OH_ASHTABULA,13.029166149526642,100
AR_RANDOLPH,17.802807989097353,100
AR_WOODRUFF,21.511223850120494,100
IN_JEFFERSON,12.954871087070924,100
LA_CATAHOULA,18.282086337418352,100
NC_MECKLENBURG,11.065999984741211,100
NE_LINCOLN,11.638450887530238,100
GA_DECATUR,12.303830595038303,100
IN_ADAMS,13.001999855041504,100
KY_OLDHAM,12.668153656572498,100
IN_VIGO,13.364029787846192,100
MI_SANILAC,15.53857108727844,100
NE_DAKOTA,14.15130117376753,100
OH_CHAMPAIGN,13.001999855041504,100
LA_RED_RIVER,13.196847522250382,100
IA_TAYLOR,14.387999534606934,100
MO_PUTNAM,13.882252162293005,100
CO_CHEYENNE,11.722528154651323,100
IA_GRUNDY,14.354876622761765,100
IL_CLAY,14.027999877929688,100
IN_NOBLE,13.001999855041504,100
MO_GRUNDY,14.387999534606934,100
MS_SUNFLOWER,15.65757240870935,100
TN_HENDERSON,12.622197188429327,100
AR_INDEPENDENCE,14.103965620899766,100
IA_DICKINSON,14.3100004196167,100
IA_RINGGOLD,14.387999534606934,100
IL_ROCK_ISLAND,14.043554071279672,100
KS_GRANT,11.198910203257377,100
KS_HARVEY,13.935480525091538,100
NE_FRANKLIN,13.57800006866455,100
SD_DAVISON,13.57800006866455,100
IA_HENRY,13.73287294188211,100
IL_VERMILION,14.174708935224217,100
IN_MORGAN,13.093760213006599,100
IA_DUBUQUE,13.001999855041504,100
KY_PULASKI,11.433115565404297,100
LA_EAST_CARROLL,20.493894138835234,100
SD_CHARLES_MIX,13.57800006866455,100
MO_CASS,14.366049311080655,100
WI_JEFFERSON,13.012890671382175,100
IA_DECATUR,14.387999534606934,100
IN_DUBOIS,11.739894676436649,100
SD_JERAULD,13.57800006866455,100
KY_GRAYSON,11.065999984741211,100
NE_BOONE,14.170471110843149,100
NE_DAWSON,13.57800006866455,100
OH_ALLEN,13.081951667380377,100
CO_LINCOLN,10.648277315243863,100
IN_PUTNAM,13.226763901405294,100
KS_DECATUR,12.831264462842002,100
KY_NELSON,12.673753903564794,100
MO_CLINTON,14.387667623479315,100
MS_TALLAHATCHIE,14.230001927420105,100
TX_BELL,15.391899232198101,100
IA_ADAIR,14.387999534606934,100
KY_BUTLER,11.065999984741211,100
MI_IONIA,14.777909302501206,100
SC_SUMTER,9.909776035957428,100
TX_LIMESTONE,12.791359910944779,100
WI_SAUK,12.937945255240482,100
IL_MARION,14.027999877929688,100
IL_PEORIA,13.50245895833548,100
IN_ORANGE,11.58519512207841,100
MO_NODAWAY,14.354654688555296,100
OH_OTTAWA,15.12399959564209,100
WI_DUNN,12.31972522386627,100
KY_HANCOCK,12.84237385172593,100
NE_CUMING,14.34170655337247,100
TX_HARTLEY,10.159909842739175,100
AR_LITTLE_RIVER,18.833987772172858,100
IL_JACKSON,13.370950392432835,100
IN_BLACKFORD,13.001999855041504,100
LA_NATCHITOCHES,12.882183052496822,100
OH_DELAWARE,13.001999855041504,100
OH_SENECA,13.64364535758291,100
OK_BEAVER,12.286717564575277,100
WI_MARQUETTE,10.656000137329102,100
IA_WINNESHIEK,13.352590561916601,100
IL_WILLIAMSON,13.565559963767345,100
KS_RENO,14.293805980293119,100
MI_OAKLAND,13.127963309963,100
AR_CHICOT,21.104000091552734,100
IL_FORD,14.387999534606934,100
IN_WABASH,13.001999855041504,100
KS_JEFFERSON,14.387999534606934,100
MI_ARENAC,15.749506052393112,100
MI_INGHAM,13.001999855041504,100
MI_MACOMB,14.329345767163048,100
IA_KOSSUTH,14.3100004196167,100
IL_JO_DAVIESS,13.159662125368605,100
KS_GOVE,11.910926376889828,100
MI_CASS,13.036459329965952,100
MN_CHIPPEWA,10.231243130458598,100
TX_DENTON,14.03246758236375,100
IL_SANGAMON,14.052971777313795,100
KS_ANDERSON,14.635735751697853,100
NE_WASHINGTON,14.34149773714666,100
TN_BEDFORD,12.332884153996806,100
IL_LIVINGSTON,14.387999534606934,100
MN_PIPESTONE,10.993192960016476,100
MO_HOLT,14.13939670435724,100
NE_MERRICK,13.57800006866455,100
NE_SHERMAN,13.57800006866455,100
SC_WILLIAMSBURG,10.193946964972842,100
IN_JOHNSON,12.989698029018944,100
KS_MIAMI,14.387999534606934,100
NE_LANCASTER,14.387999534606934,100
IN_KOSCIUSKO,13.001999855041504,100
SC_LEE,11.093545615712776,100
TX_CASTRO,12.77400016784668,100
AL_SHELBY,11.886477786203775,100
IA_WEBSTER,14.3100004196167,100
MI_EATON,13.001999855041504,100
MO_DADE,13.062270686030388,100
NE_HALL,13.57800006866455,100
SC_FLORENCE,11.141413567250344,100
SC_KERSHAW,12.222077892672631,100
GA_APPLING,14.292013102420006,100
IN_TIPTON,13.001999855041504,100
LA_OUACHITA,18.101622951188276,100
NE_BOYD,14.50605680580274,100
SC_HAMPTON,14.98799991607666,100
SD_CLAY,13.853256398981268,100
TN_RUTHERFORD,12.442453390146913,100
TX_ROBERTSON,12.45199966430664,100
IL_KENDALL,14.387999534606934,100
IL_PERRY,13.971862507643605,100
IN_OWEN,13.275087099905694,100
KS_HODGEMAN,12.894637386678877,100
MO_WORTH,14.387999534606934,100
WI_SHEBOYGAN,13.001999855041504,100
IA_MILLS,14.214545219629224,100
IN_RUSH,13.001999855041504,100
IN_STEUBEN,13.001999855041504,100
MO_SCOTT,16.05759964944111,100
OH_GUERNSEY,13.663999557495117,100
WI_LA_CROSSE,13.001999855041504,100
CO_WELD,12.35051955368366,100
IL_MONROE,13.701581312952209,100
IL_MONTGOMERY,14.177550157483786,100
OH_PIKE,13.540595431776412,100
AR_CLAY,19.29786764675809,100
IA_PALO_ALTO,14.3100004196167,100
IN_TIPPECANOE,13.682718685005284,100
MO_PLATTE,14.178093170424717,100
NE_LOUP,10.822639390707648,100
IN_HAMILTON,13.001999855041504,100
IN_HUNTINGTON,13.001999855041504,100
IN_VANDERBURGH,13.123907804489136,100
NE_PHELPS,13.57800006866455,100
IA_WASHINGTON,13.529652364630449,100
MI_LIVINGSTON,13.001999855041504,100
TN_GRUNDY,12.161890741955538,100
IA_JONES,13.450586002995772,100
IN_NEWTON,12.43732960489061,100
KY_GREEN,11.069336960658784,100
NE_GOSPER,13.57800006866455,100
IN_BARTHOLOMEW,12.38195014533712,100
KY_TODD,11.065999984741211,100
MO_MACON,13.592207714302386,100
WI_VERNON,13.001999855041504,100
IA_APPANOOSE,14.26310428827493,100
IL_MASON,14.128697683664866,100
KY_CALLOWAY,13.071276385271558,100
MN_HOUSTON,13.5437211435203,100
MO_LIVINGSTON,14.25842217036656,100
TX_ROBERTS,12.751509582010167,100
IA_CASS,14.336619433307606,100
IL_SCOTT,13.614000129699708,100
NE_BOX_BUTTE,13.838846847350755,100
NE_GREELEY,12.959446836446787,100
OH_MAHONING,13.125126344726814,100
IA_HARRISON,14.190392183155042,100
IN_CLAY,13.574843217830846,100
KY_MCLEAN,13.642144128695543,100
MO_LINCOLN,13.354049952626468,100
MS_RANKIN,15.85885643892074,100
KY_WAYNE,11.653888010285545,100
MO_JEFFERSON,13.289702580539755,100
OH_HAMILTON,12.929663837440009,100
AR_PHILLIPS,18.373419743255372,100
IA_WAPELLO,13.54704684944885,100
NC_CABARRUS,11.065999984741211,100
OH_WOOD,14.790603243611857,100
NE_ANTELOPE,14.308095271219194,100
OH_BROWN,13.001999855041504,100
MO_NEWTON,12.567999839782715,100
MS_WASHINGTON,21.016821238374813,100
IA_CRAWFORD,14.3100004196167,100
IA_MARSHALL,14.386959546407065,100
IA_POWESHIEK,14.09066315475114,100
KS_DONIPHAN,14.216213418499096,100
KS_STEVENS,8.814052074666428,100
NE_SIOUX,13.782422241232705,100
IL_ADAMS,13.338580565578427,100
KS_LOGAN,11.885845006674206,100
MO_AUDRAIN,14.027999877929688,100
MO_CEDAR,12.567999839782715,100
NE_YORK,13.57800006866455,100
IA_JACKSON,13.008179335285433,100
IL_KANE,14.387999534606934,100
MI_LENAWEE,13.69166697800024,100
NE_GARFIELD,10.85974503050045,100
OH_CLERMONT,13.001999855041504,100
IN_CLINTON,13.001999855041504,100
TX_FALLS,12.817484422733909,100
WI_DODGE,13.001999855041504,100
IL_HENRY,14.38280099624952,100
IL_MARSHALL,13.535749731641827,100
NE_BLAINE,10.656000137329102,100
NE_BUFFALO,13.57800006866455,100
IA_MONONA,14.156948934282575,100
IL_BOND,14.027999877929688,100
IL_STARK,14.383097678976286,100
IN_STARKE,11.180265297114897,100
KY_ALLEN,11.065999984741211,100
NE_DODGE,14.387999534606934,100
OK_TEXAS,11.797032561308354,100
IL_WOODFORD,13.800428241878361,100
IN_CLARK,12.268514662633306,100
IN_HOWARD,13.001999855041504,100
IN_WARRICK,12.038502245171125,100
IA_POTTAWATTAMIE,14.242331920469143,100
MO_HENRY,13.859159850194633,100
NE_KEITH,12.351918131744807,100
SD_BRULE,13.608326791026547,100
LA_WEST_CARROLL,15.73572755534866,100
MN_FILLMORE,13.989341831946557,100
MO_CLARK,13.314965260382927,100
MO_DAVIESS,14.385559539794922,100
IL_SCHUYLER,13.3039812657007,100
KS_WASHINGTON,13.936226417221787,100
SD_BEADLE,13.57800006866455,100
TX_DEAF_SMITH,12.771023974750506,100
IA_WRIGHT,14.3100004196167,100
IL_BOONE,14.387999534606934,100
MI_OCEANA,17.010000228881836,100
MO_ADAIR,13.777354107939125,100
TX_OCHILTREE,12.769148158858407,100
IA_LINN,13.983477336055827,100
NE_PIERCE,14.3100004196167,100
SC_AIKEN,12.188344014568562,100
WI_COLUMBIA,11.994125850442044,100
AR_ASHLEY,16.93890876725048,100
MI_KALAMAZOO,13.001999855041504,100
OH_DARKE,13.001999855041504,100
IA_LEE,13.714149869981899,100
MI_KENT,14.871072877058657,100
NE_CASS,14.335091758163136,100
TX_RANDALL,12.77400016784668,100
IL_MCHENRY,13.735992491102333,100
IN_PIKE,13.253809251051683,100
MI_MONROE,14.05158089265695,100
WI_JACKSON,11.912270218063405,100
AR_MILLER,14.39323554622333,100
KS_THOMAS,12.707784998795931,100
LA_CADDO,13.50773916500349,100
OH_NOBLE,13.663999557495117,100
IL_MACON,14.387999534606934,100
MO_CALLAWAY,13.552600400522921,100
IA_BUCHANAN,14.3100004196167,100
IL_ALEXANDER,13.811558113098144,100
KY_TAYLOR,11.760046054766729,100
LA_AVOYELLES,17.660024276194502,100
MI_JACKSON,13.001999855041504,100
NE_THURSTON,14.260382423686623,100
IN_MARION,13.001999855041504,100
KS_JEWELL,13.57800006866455,100
MO_SHELBY,13.802539619735525,100
TN_FRANKLIN,12.443119115956867,100
TX_COOKE,13.689532060436523,100
WI_FOND_DU_LAC,13.001999855041504,100
IA_HANCOCK,14.3100004196167,100
IA_KEOKUK,13.554825415305041,100
KY_CARLISLE,13.804222495467574,100
NE_RED_WILLOW,13.166828480215397,100
OH_HENRY,14.830735901859631,100
WI_MILWAUKEE,13.001999855041504,100
KS_BROWN,14.373314380645752,100
KS_MEADE,12.737074957066474,100
MI_CALHOUN,13.001999855041504,100
NE_HAMILTON,13.57800006866455,100
NE_MORRILL,15.02796340354994,100
IN_ALLEN,13.422245285597192,100
IN_MADISON,13.001999855041504,100
MS_YAZOO,15.967297151675876,100
OH_AUGLAIZE,13.001999855041504,100
OH_HOCKING,13.509626519672803,100
IL_COOK,14.387999534606934,100
KY_MUHLENBERG,11.686035288588066,100
NE_CHEYENNE,12.77400016784668,100
NE_MCPHERSON,10.656000137329102,100
NE_DIXON,14.3100004196167,100
OH_VAN_WERT,13.251570817829995,100
WI_WASHINGTON,13.001999855041504,100
IN_WASHINGTON,12.1236211039977,100
MO_LAFAYETTE,14.241675562787526,100
NE_GAGE,13.89585700194882,100
WI_LAFAYETTE,13.926177607479007,100
OK_MCCURTAIN,11.040668855332006,100
IA_MAHASKA,13.409471863840782,100
IA_SIOUX,14.3100004196167,100
IL_KNOX,13.84125123333881,100
MS_MADISON,14.526000134150188,100
OH_LORAIN,13.001999855041504,100
SD_TURNER,13.57800006866455,100
IN_FULTON,13.001999855041504,100
IN_WAYNE,13.001999855041504,100
KY_TRIMBLE,12.62163566437778,100
MO_CALDWELL,14.387999534606934,100
MO_SCHUYLER,14.387999534606934,100
OH_PUTNAM,15.047314008733448,100
SC_ALLENDALE,13.364506704145365,100
MO_NEW_MADRID,17.369618342416484,100
OK_CIMARRON,11.955275206997333,100
OH_LOGAN,13.001999855041504,100
SD_MINNEHAHA,14.042538752922646,100
TX_PARMER,12.528677601968088,100
WI_OUTAGAMIE,13.19474877169829,100
GA_WAYNE,14.98799991607666,100
IN_DAVIESS,13.571444222974122,100
KS_GRAY,11.948513349765063,100
KY_SIMPSON,11.065999984741211,100
KS_BARTON,13.951290118074063,100
IA_CLINTON,13.788601852709409,100
IL_GREENE,13.304647878190162,100
LA_TENSAS,21.104000091552734,100
MO_MONROE,13.43443635429576,100
IA_OSCEOLA,14.146219631133995,100
IL_CHAMPAIGN,14.387999534606934,100
IN_SULLIVAN,13.365314375023635,100
KY_WARREN,11.065999984741211,100
MO_CHARITON,14.092414060325636,100
SD_MOODY,14.027067684241798,100
KS_FRANKLIN,14.387999534606934,100
KS_SHERIDAN,12.77400016784668,100
KS_STANTON,12.77400016784668,100
NE_OTOE,14.34929961689183,100
NE_SALINE,13.718761084523434,100
OH_MUSKINGUM,13.663999557495117,100
SC_BARNWELL,9.78052112263816,100
IA_CLAY,14.3100004196167,100
KY_HENDERSON,13.764983284944869,100
NE_DEUEL,12.54572683122423,100
OH_MORGAN,13.663999557495117,100
IA_FREMONT,14.220766906346169,100
IL_LAWRENCE,14.025720458377192,100
IN_JENNINGS,13.001999855041504,100
KS_NEMAHA,14.387999534606934,100
TN_HENRY,12.802695114679313,100
IL_WHITESIDE,14.296887440196539,100
KY_SPENCER,12.45199966430664,100
MO_BOONE,13.408082707082931,100
MO_CAPE_GIRARDEAU,14.892528149882503,100
OH_DEFIANCE,14.837484862733994,100
OH_SANDUSKY,15.073633580562252,100
IA_BUENA_VISTA,14.3100004196167,100
IL_MCLEAN,14.312984849201092,100
IN_DELAWARE,13.001999855041504,100
IN_SCOTT,12.744040249173766,100
KS_BUTLER,14.210431264703544,100
OH_PORTAGE,13.001999855041504,100
IA_CLAYTON,13.001999855041504,100
IA_MONTGOMERY,14.31677101728154,100
KS_ELK,14.5221556125044,100
MS_GRENADA,12.978371174198658,100
NE_BROWN,11.417016709491822,100
MN_YELLOW_MEDICINE,10.323183440984902,100
SD_LINCOLN,13.921048728119969,100
IA_GUTHRIE,14.334417533874511,100
IL_HANCOCK,14.130557571318642,100
SC_DARLINGTON,9.18674474159108,100
KS_JOHNSON,14.387999534606934,100
WI_RACINE,13.001999855041504,100
IN_SHELBY,13.001999855041504,100
OH_CLARK,13.001999855041504,100
OH_UNION,13.001999855041504,100
NE_HARLAN,13.57800006866455,100
TN_DYER,13.93405759200347,100
TX_BRAZOS,12.45199966430664,100
TX_JOHNSON,13.912016634412485,100
AL_COLBERT,11.548404485791965,100
IA_SCOTT,13.923441002860901,100
IL_SHELBY,14.157008763906118,100
KS_PAWNEE,13.888879841886363,100
TN_CARROLL,12.981876839276458,100
WI_WAUSHARA,11.181766513974399,100
IA_MUSCATINE,13.550140799850714,100
IN_MARSHALL,12.853384488308592,100
MO_SCOTLAND,14.120428981433426,100
MS_HUMPHREYS,20.15056581713235,100
OH_FAIRFIELD,13.005659149879188,100
IA_CALHOUN,14.3100004196167,100
KS_STAFFORD,14.387741430321725,100
KY_GRAVES,13.60299173810777,100
KY_MARION,12.757245609249132,100
MO_BARTON,13.897732300387675,100
MO_MISSISSIPPI,13.91486008333674,100
CO_KIT_CARSON,13.068296111345973,100
KS_KIOWA,13.393325433939912,100
MI_CLINTON,13.272220566812075,100
MO_FRANKLIN,13.271916410717127,100
MS_NOXUBEE,13.191061329439732,100
NE_KEYA_PAHA,13.57800006866455,100
TN_SUMNER,11.359297161027202,100
TX_MOORE,12.76631714221528,100
IA_BREMER,14.3100004196167,100
IA_JEFFERSON,13.751146424053074,100
IN_PARKE,13.100113124967372,100
KS_WABAUNSEE,14.339231007719693,100
NE_COLFAX,14.321503712313019,100
IN_POSEY,13.717216748526765,100
NE_MADISON,14.3100004196167,100
NE_VALLEY,13.4970442264111,100
OH_MADISON,13.001999855041504,100
AL_LAUDERDALE,11.96848916802795,100
KS_CHEYENNE,12.77400016784668,100
MI_BRANCH,13.001999855041504,100
MN_GOODHUE,13.63538145880747,100
IN_GREENE,13.527865274905706,100
KS_LYON,14.341834859503392,100
MO_BUCHANAN,14.23283259818645,100
MO_RALLS,13.513849530029297,100
OH_ROSS,13.029450416564941,100
AR_JACKSON,20.946520985434564,100
OH_HARRISON,13.663999557495117,100
AR_LAFAYETTE,13.962015072504679,100
IL_CLARK,13.840414863005547,100
IL_PULASKI,13.580350630062142,100
IN_WHITLEY,13.001999855041504,100
MO_DUNKLIN,14.490636858157814,100
NE_DOUGLAS,14.327634135468754,100
OH_HARDIN,13.001999855041504,100
OH_LICKING,13.092350238629788,100
TX_WILLIAMSON,15.119104391129667,100
IL_HAMILTON,14.027558786172177,100
NE_GARDEN,12.144891533011197,100
IL_RANDOLPH,13.662851527861948,100
OH_COSHOCTON,13.663999557495117,100
OH_HIGHLAND,13.001999855041504,100
TN_GIBSON,13.60200023651123,100
IA_ALLAMAKEE,13.00556939064009,100
IL_CHRISTIAN,14.34729324029305,100
IL_FRANKLIN,14.027999877929688,100
IL_MORGAN,13.469100628354505,100
KY_BULLITT,12.850890774049235,100
NC_ANSON,11.065999984741211,100
IA_JASPER,14.383323647195159,100
IL_MCDONOUGH,13.9599441017467,100
KS_PRATT,14.043707322500651,100
MI_LAPEER,13.09280572593759,100
NE_CUSTER,13.275099475123675,100
NE_FILLMORE,13.57800006866455,100
IL_SALINE,13.70671621013332,100
IN_FRANKLIN,13.001999855041504,100
LA_MADISON,20.4741504554943,100
MO_CARROLL,14.186847968938272,100
NE_BUTLER,13.96048056926352,100
NE_HITCHCOCK,12.77400016784668,100
NE_NUCKOLLS,13.57800006866455,100
SC_CHESTERFIELD,12.049403943886627,100
IA_PAGE,14.324677869223027,100
KS_WYANDOTTE,14.321344047192706,100
MO_MONITEAU,13.688753482660738,100
MS_QUITMAN,17.163132187460555,100
NE_JOHNSON,14.387999534606934,100
NE_NEMAHA,14.288764238357544,100
OH_ERIE,13.355286600254276,100
WI_WINNEBAGO,13.001999855041504,100
CO_LOGAN,11.912272272735345,100
IA_MARION,13.5824250483617,100
KS_SHERMAN,12.528791260928235,100
MO_PIKE,13.663852941430756,100
KY_EDMONSON,11.065999984741211,100
MI_TUSCOLA,14.89907886546084,100
AL_CALHOUN,11.104715807403592,100
IL_FULTON,13.38123464136425,100
IL_OGLE,14.387999534606934,100
KS_MARION,13.82358846956713,100
OH_WARREN,13.001999855041504,100
OH_WYANDOT,13.001999855041504,100
TN_CROCKETT,13.60200023651123,100
TX_MCLENNAN,15.02244338398779,100
MO_PERRY,13.560228366437165,100
MO_VERNON,13.817449429079131,100
OH_WILLIAMS,13.301272018109374,100
CO_MORGAN,11.57900834734974,100
IN_DECATUR,13.001999855041504,100
IN_WARREN,14.108687964833013,100
KS_GREELEY,12.756692190109828,100
KY_MARSHALL,12.694433611155462,100
MN_WINONA,13.350464802833946,100
OH_BELMONT,13.684599669394334,100
IL_LAKE,13.465821719639738,100
NE_WAYNE,14.3100004196167,100
NE_WEBSTER,13.57800006866455,100
OH_RICHLAND,13.0160493686863,100
WI_TREMPEALEAU,13.001999855041504,100
IA_IDA,14.3100004196167,100
IN_JACKSON,12.090358855148176,100
LA_BOSSIER,14.375830483805274,100
OH_ASHLAND,13.032405655328617,100
TN_HARDIN,12.029718977126684,100
TX_COLLIN,14.842506629228591,100
TX_GRAYSON,13.311263887336315,100
IA_BLACK_HAWK,14.310808351752982,100
KS_LINN,14.4542699129845,100
MO_BOLLINGER,13.904899507571821,100
MO_COLE,13.465377043316227,100
NE_SAUNDERS,14.387999534606934,100
TX_DALLAS,14.838191205885051,100
TX_ELLIS,14.813314286355729,100
IL_HENDERSON,14.154497163017666,100
MS_COAHOMA,17.219899146602174,100
IA_JOHNSON,13.613698037643006,100
IN_LAKE,14.292760470058937,100
IN_PULASKI,10.847136275044509,100
MI_MONTCALM,16.712718081947983,100
MO_LINN,13.883062848371202,100
NE_CHASE,12.578218652420684,100
OH_STARK,13.001999855041504,100
IN_UNION,13.001999855041504,100
KY_CAMPBELL,12.953785552606954,100
KY_FULTON,13.98635973249163,100
KY_RUSSELL,11.065999984741211,100
MI_HILLSDALE,13.001999855041504,100
MS_CLAIBORNE,19.230590986168902,100
OH_GREENE,13.001999855041504,100
TN_OBION,13.716564112743699,100
WI_LANGLADE,15.681428222514853,100
KS_SEDGWICK,13.996013803695527,100
OH_BUTLER,13.001390968778928,100
OH_PERRY,13.509751171941957,100
AR_LEE,14.386954091755175,100
IA_ADAMS,14.387999534606934,100
IA_POCAHONTAS,14.3100004196167,100
KY_HOPKINS,12.20807728124494,100
MI_ALLEGAN,14.435106671010205,100
MO_MONTGOMERY,13.719097165179548,100
MO_MORGAN,13.647373561659757,100
MO_PETTIS,13.990000557468598,100
MS_CLAY,13.322095042265937,100
IL_FAYETTE,14.027999877929688,100
IL_LEE,14.387999534606934,100
IN_HENDRICKS,13.001999855041504,100
MO_LEWIS,13.530993470673325,100
WI_IOWA,13.905235601275155,100
IL_POPE,13.27919743167367,100
MI_BERRIEN,12.013353541113352,100
OH_HOLMES,13.229933884329425,100
OH_MORROW,13.001999855041504,100
IA_GREENE,14.3100004196167,100
IL_PUTNAM,13.179999813889012,100
IN_HENRY,13.001999855041504,100
LA_CONCORDIA,21.104000091552734,100
MO_ATCHISON,14.23981774099489,100
SD_GREGORY,14.52641767244105,100
IA_DELAWARE,13.738560276368423,100
IL_PIATT,14.387999534606934,100
KY_OHIO,11.731839698421798,100
TX_BOWIE,11.40810585362368,100
IL_WAYNE,14.027672908213685,100
KS_MARSHALL,14.274614080584426,100
KS_WOODSON,14.88832010017915,100
MO_HARRISON,14.387999534606934,100
WI_WAUKESHA,13.001999855041504,100
IA_EMMET,14.3100004196167,100
IA_VAN_BUREN,13.630898990219446,100
IL_HARDIN,13.57584183919344,100
MI_VAN_BUREN,13.001999855041504,100
MI_WASHTENAW,13.11956816153977,100
NE_BANNER,14.265088892328794,100
NE_HAYES,12.394443739382742,100
SD_AURORA,13.57800006866455,100
WI_JUNEAU,11.418921199947267,100
IA_FAYETTE,13.621146100437906,100
MN_ROCK,12.343161130235309,100
MO_HOWARD,13.37162624734347,100
NC_STANLY,11.065999984741211,100
OH_TUSCARAWAS,13.577448359647825,100
PA_LAWRENCE,13.653910988012399,100
WI_ADAMS,10.656000137329102,100
GA_THOMAS,10.699323349685473,100
IL_GALLATIN,13.860795759926209,100
IL_WINNEBAGO,14.387999534606934,100
IN_ELKHART,13.001999855041504,100
MO_MERCER,14.387999534606934,100
OH_PAULDING,15.063000214719626,100
IA_BUTLER,14.310531025841122,100
IN_RIPLEY,13.001999855041504,100
KS_NORTON,13.549054219700773,100
MO_BENTON,13.332334157871959,100
NE_LOGAN,10.855369002580135,100
CO_WASHINGTON,12.598576347089049,100
IA_UNION,14.387999534606934,100
IL_BUREAU,14.159511894243543,100
IN_JASPER,12.196037676260577,100
KY_MASON,12.908789296401174,100
IA_CARROLL,14.3100004196167,100
IA_DAVIS,13.659313091990876,100
IA_SHELBY,14.3100004196167,100
IA_STORY,14.312276526195246,100
IN_MIAMI,13.001999855041504,100
KY_LYON,11.065999984741211,100
OH_CRAWFORD,13.001999855041504,100
IL_JERSEY,13.455879013344871,100
KS_ALLEN,14.994000434875488,100
KS_POTTAWATOMIE,14.3512532848782,100
KY_CLINTON,11.617493458188473,100
MS_SCOTT,13.178505124678809,100
NE_PLATTE,14.158369888600268,100
WI_KENOSHA,13.001999855041504,100
WI_WALWORTH,13.239481942994255,100
CO_PHILLIPS,12.680833011079045,100
IA_SAC,14.3100004196167,100
IL_TAZEWELL,13.634115172488896,100
KS_CHEROKEE,14.910952077049373,100
KS_DOUGLAS,14.387999534606934,100
NE_PERKINS,12.77400016784668,100
NE_RICHARDSON,14.312731514931167,100
TX_MILAM,12.809760507497453,100
WI_GREEN,14.387999534606934,100
KS_GREENWOOD,14.395037956410794,100
KY_CRITTENDEN,12.849684617666801,100
KY_BARREN,11.065999984741211,100
KY_CALDWELL,11.162366940091287,100
KY_PENDLETON,12.545271586053383,100
MI_SHIAWASSEE,14.129110936765317,100
MN_MARTIN,14.3100004196167,100
MO_GENTRY,14.387999534606934,100
OH_FRANKLIN,13.001999855041504,100
IA_DALLAS,14.314335487761484,100
TN_CANNON,11.667472052501836,100
IL_BROWN,13.370393970611149,100
IL_EDGAR,13.987409819313562,100
MO_JASPER,13.74013467838371,100
MO_SALINE,14.08883886632099,100
MO_STODDARD,19.05402858145285,100
TN_ROBERTSON,11.065999984741211,100
IL_MENARD,13.580951568211637,100
IL_STEPHENSON,14.386186980536012,100
KS_EDWARDS,14.020241631715544,100
MN_BROWN,14.3100004196167,100
OH_KNOX,13.132628558870143,100
SD_HUTCHINSON,13.57800006866455,100
TN_LAKE,14.022000312805176,100
IA_AUDUBON,14.313389796201234,100
IL_MACOUPIN,13.272434599234535,100
IL_WILL,14.35511889759676,100
MO_JACKSON,14.233949418754817,100
NE_ADAMS,13.57800006866455,100
OH_HURON,13.001999855041504,100
IA_TAMA,13.970109280878315,100
IA_WARREN,14.296791813758112,100
IN_CASS,12.886322178040652,100
KS_FORD,12.461260682414892,100
KY_MCCRACKEN,13.872326050670809,100
TX_HUTCHINSON,12.761038617974908,100
TX_SHERMAN,12.729260547898159,100
IN_CARROLL,13.001999855041504,100
KY_LARUE,12.085819319951737,100
MI_NEWAYGO,16.53188006250343,100
SD_LYMAN,15.29977615647533,100
WI_PEPIN,12.970174277475637,100
NE_POLK,13.57800006866455,100
NE_WHEELER,10.834995453033642,100
SD_YANKTON,13.65760932342248,100
TX_BURLESON,12.45199966430664,100
MO_SULLIVAN,13.382311242525695,100
IL_MADISON,13.716289789308648,100
IN_MONROE,12.729162041336354,100
OH_FULTON,13.702093688785707,100
AR_GREENE,16.539827209107834,100
IN_FAYETTE,13.001999855041504,100
MN_BLUE_EARTH,14.20243189288647,100
MN_NOBLES,12.154526836335679,100
MO_BATES,14.062207495579955,100
OH_PICKAWAY,13.001999855041504,100
SC_CLARENDON,9.290597811171509,100
CO_SEDGWICK,11.20315014521281,100
IL_EDWARDS,14.027110530628878,100
IN_LAGRANGE,13.001999855041504,100
KS_CLOUD,14.188617413443637,100
OH_TRUMBULL,13.131701991102165,100
SD_BON_HOMME,13.57800006866455,100
IN_JAY,13.001999855041504,100
KS_REPUBLIC,13.640537913773908,100
MN_NICOLLET,14.3100004196167,100
TN_DECATUR,12.535021799053261,100
TX_HILL,14.405066161573597,100
WI_OCONTO,16.529188697235405,100
GA_COLQUITT,7.860000133514404,100
MO_LAWRENCE,12.755615196129328,100
KS_SCOTT,12.77400016784668,100
KY_WASHINGTON,12.45199966430664,100
MN_REDWOOD,14.177680290024803,100
OH_ADAMS,13.141268683234083,100
WI_RICHLAND,13.001999855041504,100
IN_SPENCER,12.032872033181452,100
KS_LEAVENWORTH,14.32706625805151,100
MI_BARRY,13.001999855041504,100
WI_EAU_CLAIRE,11.760716355903352,100
IN_CRAWFORD,11.071187536690394,100
